W,pval,normal
0.9950753450393677,0.0025036530569195747,False
0.9930035471916199,0.00011839046055683866,False
0.9930288195610046,0.00012261913798283786,False
0.9939458966255188,0.0004535038024187088,False
